{"inputs":{"command":"AVoIP-TO-HDMI-1","url":"https://www.youtube.com/watch?v=xs4sKsSGC-s&ab_channel=InnerPeace","boxid":"","previewstatus":"1","inputaction":"stop","stream_information":{"resolution":"1920x1080","aspectRatio":"16:9","frame_rate":"30.00 fps","audio_channel":"","audio_rate":"0"},"input_video_data":{"resolution":"","aspectRatio":"","format":"","frameRate":""},"input_audio_data":{"channels":"","format":"","sampleRate":""},"output_audio_data":{"channels":"","format":"","sampleRate":""},"output_video_data":{"aspectRatio":"","format":"","frameRate":"","resolution":""}}}