[
  [
    {
      "name": "",
      "state": "Unknown",
      "type": "None"
    },
    {
      "name": "HDMI-1",
      "state": "1",
      "type": "Output"
    },
    {
      "name": "HDMI-2",
      "state": "1",
      "type": "Output"
    },
    {
      "name": "AVoIP",
      "state": "1",
      "type": "Output",
      "deviceName": "AVoIP Stream"
    }
  ],
  [
    {
      "name": "USB-1",
      "state": "1",
      "type": "Input",
      "deviceName": "usb 1 device name"
    },
    {
      "command": "USB-1-TO-HDMI-1",
      "state": "1",
      "type": "Stream"
    },
    {
      "command": "USB-1-TO-HDMI-2",
      "state": "1",
      "type": "Stream"
    },
    {
      "command": "USB-1-TO-AVoIP",
      "state": "1",
      "type": "Stream"
    }
  ],
  [
    {
      "name": "USB-2",
      "state": "1",
      "type": "Input",
      "deviceName": "usb 2 device name"
    },
    {
      "command": "USB-2-TO-HDMI-1",
      "state": "1",
      "type": "Stream"
    },
    {
      "command": "USB-2-TO-HDMI-2",
      "state": "1",
      "type": "Stream"
    },
    {
      "command": "USB-2-TO-AVoIP",
      "state": "1",
      "type": "Stream"
    }
  ],
  [
    {
      "name": "USB-3",
      "state": "1",
      "type": "Input",
      "deviceName": "usb 3 device name"
    },
    {
      "command": "USB-3-TO-HDMI-1",
      "state": "1",
      "type": "Stream"
    },
    {
      "command": "USB-3-TO-HDMI-2",
      "state": "1",
      "type": "Stream"
    },
    {
      "command": "USB-3-TO-AVoIP",
      "state": "1",
      "type": "Stream"
    }
  ],
  [
    {
      "name": "AVoIP",
      "state": "1",
      "type": "Input",
      "deviceName": "AVoIP Stream"
    },
    {
      "command": "AVoIP-TO-HDMI-1",
      "state": "1",
      "type": "Stream"
    },
    {
      "command": "AVoIP-TO-HDMI-2",
      "state": "1",
      "type": "Stream"
    },
    {
      "command": "AVoIP-TO-AVoIP",
      "state": "1",
      "type": "Stream"
    }
  ]
]