{"settings":{"resolution":"1920x1080","supportedResolution":{"1920x1080":"1080x720","1680x1050":"1680x1050","1600x900":"1600x900","1280x1024":"1280x1024","1440x900":"1440x900","1366x768":"1366x768","1280x800":"1280x800","1152x864":"1152x864","1280x720":"1280x720","1024x768":"1024x768","832x624":"832x624","800x600":"800x600","720x576":"720x576","720x480":"720x480","640x480":"640x480","720x400":"720x400"},"frameRate":24,"supportedFrameRate":{"24":"24","30":"30","60":"60"},"videoCodec":"H.264","supportedVideoCodec":{"h.264":"h.264"},"audioCodec":"AAC","supportedAudioCodec":{"AAC":"AAC"},"protocol":"RTMP","supportedProtocol":{"RTMP":"RTMP","RTP":"RTP","UDP":"UDP"},"castingMode":"Multicast","supportedCastingMode":{"Unicast":"Unicast","Multicast":"Multicast"},"unicast":{"host":"172.30.92.88","port":8888},"multicast":{"host":"230.0.0.1","port":6000},"profile":"High","supportedProfile":{"High":"High","Baseline":"Baseline"},"audioRate":44100,"supportedAudioRate":{"44100":"44100","48000":"48000"},"location":"rtmp://a.rtmp.youtube.com/live2","key":"k9xy-5x7w-m8bb-cu6k-b235","audioEnabled":true}}